500,0.029725,0.014178,0.003872,0.001101,0.000092
10,0.000012,0.000009,0.000023,0.000025,0.000002
10,0.000036,0.000028,0.000073,0.000029,0.000006
10,0.000034,0.000024,0.000065,0.000031,0.000004
10,0.000028,0.000023,0.000060,0.000024,0.000003
0,0.000004,0.000005,0.000002,0.000003,0.000002
1,0.000007,0.000007,0.000003,0.000003,0.000003
2,0.000008,0.000007,0.000012,0.000008,0.000003
3,0.000011,0.000009,0.000017,0.000009,0.000003
4,0.000010,0.000010,0.000021,0.000011,0.000002
5,0.000015,0.000012,0.000030,0.000011,0.000003
6,0.000015,0.000014,0.000032,0.000014,0.000003
7,0.000021,0.000016,0.000042,0.000020,0.000004
8,0.000025,0.000018,0.000044,0.000023,0.000004
9,0.000040,0.000024,0.000062,0.000024,0.000007
10,0.000031,0.000022,0.000057,0.000025,0.000005
11,0.000034,0.000026,0.000062,0.000024,0.000004
12,0.000054,0.000027,0.000069,0.000025,0.000004
13,0.000042,0.000030,0.000127,0.000064,0.000009
14,0.000049,0.000033,0.000085,0.000032,0.000005
15,0.000053,0.000036,0.000121,0.000036,0.000005
16,0.000062,0.000040,0.000094,0.000042,0.000004
17,0.000063,0.000043,0.000105,0.000044,0.000006
18,0.000071,0.000046,0.000206,0.000043,0.000005
19,0.000076,0.000050,0.000107,0.000047,0.000005
20,0.000083,0.000053,0.000124,0.000044,0.000005
21,0.000098,0.000057,0.000137,0.000821,0.000005
22,0.000101,0.000062,0.000136,0.000054,0.000006
23,0.000108,0.000065,0.000146,0.000065,0.000006
24,0.000117,0.000074,0.000148,0.000051,0.000006
25,0.000133,0.000075,0.000159,0.000061,0.000007
26,0.000143,0.000078,0.000173,0.000063,0.000006
27,0.000143,0.000083,0.000179,0.000064,0.000006
28,0.000154,0.000089,0.000181,0.000062,0.000006
29,0.000153,0.000094,0.000562,0.000066,0.000007
30,0.000172,0.000098,0.000191,0.000066,0.000007
31,0.000181,0.000105,0.000199,0.000068,0.000007
32,0.000198,0.000111,0.000935,0.000082,0.000010
33,0.000212,0.000116,0.000217,0.000076,0.000008
34,0.000203,0.000123,0.000225,0.000079,0.000016
35,0.000405,0.000208,0.000230,0.000092,0.000008
36,0.000223,0.000132,0.000243,0.000082,0.000008
37,0.000237,0.000139,0.000240,0.000081,0.000008
38,0.000264,0.000649,0.000250,0.000084,0.000009
39,0.000281,0.000151,0.000258,0.000082,0.000008
40,0.000299,0.000158,0.000299,0.000099,0.000009
41,0.000305,0.000164,0.000587,0.000093,0.000009
42,0.000316,0.000171,0.000281,0.000092,0.000009
43,0.000346,0.000179,0.000293,0.000090,0.000009
44,0.000341,0.000185,0.000304,0.000111,0.000010
45,0.000373,0.000193,0.000316,0.000100,0.000010
46,0.000367,0.000199,0.000309,0.000104,0.000010
47,0.000375,0.000218,0.000947,0.000115,0.000010
48,0.000418,0.000214,0.000320,0.000113,0.000010
49,0.000411,0.000222,0.000337,0.000110,0.000011
50,0.000442,0.000231,0.000688,0.000133,0.000014
51,0.000447,0.000237,0.000350,0.000122,0.000011
52,0.000495,0.000246,0.000358,0.000126,0.000011
53,0.000552,0.000255,0.000426,0.000135,0.000012
54,0.000520,0.000263,0.000378,0.000136,0.000012
55,0.000617,0.000434,0.000374,0.000141,0.000012
56,0.000509,0.000281,0.000392,0.000128,0.000012
57,0.001184,0.000725,0.000763,0.000172,0.000013
58,0.000598,0.000306,0.000407,0.000163,0.000013
59,0.000584,0.000310,0.000437,0.000158,0.000019
60,0.000639,0.000317,0.000433,0.000134,0.000013
61,0.000700,0.000327,0.000446,0.000161,0.000013
62,0.000690,0.000339,0.000445,0.000142,0.000014
63,0.000702,0.000346,0.000456,0.000135,0.000014
64,0.000700,0.000358,0.000449,0.000140,0.000014
65,0.000713,0.001112,0.000460,0.000151,0.000015
66,0.000956,0.000377,0.000572,0.000250,0.000015
67,0.000758,0.000389,0.000484,0.000162,0.000015
68,0.000812,0.000397,0.000509,0.000160,0.000016
69,0.000879,0.000407,0.000507,0.000181,0.000018
70,0.000849,0.000425,0.000534,0.000182,0.000016
71,0.000849,0.000429,0.000731,0.000179,0.000017
72,0.000881,0.000439,0.000546,0.000160,0.000017
73,0.001052,0.000480,0.000587,0.000195,0.000016
74,0.000894,0.000462,0.000745,0.000186,0.000017
75,0.000950,0.000473,0.000557,0.000189,0.000017
76,0.001307,0.000638,0.000692,0.000235,0.000022
77,0.001662,0.001497,0.000945,0.000296,0.000029
78,0.002852,0.000865,0.000978,0.000357,0.000028
79,0.001906,0.000869,0.001072,0.000796,0.000031
80,0.001760,0.000897,0.000998,0.000346,0.000029
81,0.001649,0.000818,0.000905,0.000273,0.000028
82,0.003202,0.001881,0.001840,0.000686,0.000036
83,0.001797,0.000895,0.000948,0.000302,0.000029
84,0.002165,0.000870,0.000939,0.000302,0.000028
85,0.001745,0.001105,0.000966,0.000597,0.000028
86,0.001892,0.000910,0.001144,0.000369,0.000029
87,0.001815,0.000937,0.000972,0.000378,0.000030
88,0.001951,0.000954,0.000990,0.000532,0.000030
89,0.002193,0.001270,0.001053,0.000338,0.000030
90,0.002031,0.000990,0.001053,0.000377,0.000030
91,0.002766,0.001017,0.001046,0.000340,0.000032
92,0.002180,0.001032,0.001083,0.000665,0.000046
93,0.002068,0.001055,0.001080,0.000335,0.000031
94,0.003447,0.001194,0.001252,0.000373,0.000035
95,0.002848,0.001223,0.001217,0.000385,0.000036
96,0.002477,0.001438,0.001229,0.000406,0.000036
97,0.002344,0.001137,0.001297,0.000357,0.000033
98,0.002345,0.001157,0.001128,0.000396,0.000032
99,0.002417,0.001191,0.001136,0.000338,0.000033
100,0.002433,0.001211,0.001195,0.000382,0.000043
101,0.002969,0.001237,0.001158,0.000394,0.000034
102,0.002602,0.001940,0.001258,0.000420,0.000033
103,0.002704,0.001269,0.002131,0.000351,0.000035
104,0.003216,0.001313,0.001212,0.000392,0.000242
105,0.002690,0.001321,0.001227,0.000389,0.000035
106,0.002765,0.001346,0.001290,0.000441,0.000036
107,0.002773,0.001376,0.001250,0.000441,0.000036
108,0.002884,0.001396,0.001268,0.000412,0.000036
109,0.002986,0.001414,0.001284,0.000425,0.000036
110,0.002977,0.001436,0.001314,0.000501,0.000039
111,0.003125,0.001461,0.001348,0.000431,0.000037
112,0.002723,0.001348,0.001217,0.000409,0.000034
113,0.003003,0.001375,0.001219,0.000397,0.000035
114,0.006941,0.001395,0.001241,0.000376,0.000036
115,0.002985,0.001421,0.001255,0.000395,0.000035
116,0.002969,0.001449,0.001253,0.000376,0.000036
117,0.004766,0.002967,0.002273,0.000770,0.000051
118,0.003097,0.001488,0.001287,0.000438,0.000036
119,0.003208,0.001517,0.001289,0.000422,0.000037
120,0.003160,0.001534,0.001336,0.000429,0.000038
121,0.003708,0.001722,0.001345,0.000436,0.000041
122,0.003579,0.001595,0.001330,0.000441,0.000038
123,0.003794,0.001609,0.001342,0.000410,0.000046
124,0.003691,0.001639,0.001342,0.000461,0.000039
125,0.003996,0.001672,0.001341,0.000470,0.000040
126,0.004218,0.001886,0.001506,0.000511,0.000043
127,0.004076,0.001907,0.001520,0.000540,0.000043
128,0.004486,0.004088,0.003009,0.000477,0.000045
129,0.004254,0.002554,0.001588,0.000545,0.000059
130,0.004089,0.001988,0.001561,0.000488,0.000045
131,0.004455,0.002017,0.001570,0.000541,0.000046
132,0.004164,0.002049,0.001615,0.002051,0.000065
133,0.004583,0.002099,0.001642,0.000500,0.000046
134,0.004371,0.002102,0.001555,0.001148,0.000043
135,0.004540,0.002136,0.001652,0.000926,0.000048
136,0.004589,0.002169,0.001659,0.000534,0.000048
137,0.004310,0.002032,0.001616,0.000485,0.000044
138,0.004721,0.003141,0.001689,0.000564,0.000048
139,0.004869,0.002274,0.001725,0.000542,0.000064
140,0.004776,0.002075,0.001561,0.001012,0.000046
141,0.005224,0.001649,0.000767,0.000291,0.000048
142,0.003317,0.001562,0.001615,0.000643,0.000048
143,0.003432,0.001591,0.001187,0.000412,0.000033
144,0.003486,0.001678,0.001540,0.000365,0.000034
145,0.004859,0.002223,0.002358,0.000528,0.000046
146,0.004951,0.002916,0.001637,0.000529,0.000060
147,0.005115,0.002293,0.001666,0.000519,0.000047
148,0.005698,0.002540,0.002276,0.000605,0.000052
149,0.005094,0.002337,0.001691,0.000484,0.000047
150,0.005248,0.002368,0.001729,0.000584,0.000049
151,0.005159,0.002398,0.001696,0.000522,0.000047
152,0.005340,0.002433,0.001777,0.001091,0.000061
153,0.005229,0.002512,0.002502,0.000591,0.000049
154,0.006121,0.002735,0.001923,0.000588,0.000053
155,0.005451,0.002523,0.001736,0.000672,0.000050
156,0.005681,0.001960,0.002577,0.000531,0.000036
157,0.004022,0.001900,0.001346,0.000422,0.000037
158,0.004306,0.001917,0.001385,0.000407,0.000038
159,0.005164,0.002456,0.001864,0.000562,0.000047
160,0.005277,0.002476,0.002529,0.000519,0.000048
161,0.005272,0.002953,0.001696,0.000534,0.000047
162,0.005712,0.003494,0.001916,0.000621,0.000051
163,0.005917,0.003314,0.001917,0.000599,0.000054
164,0.006727,0.002831,0.001892,0.000652,0.000053
165,0.006845,0.003118,0.002683,0.000735,0.000052
166,0.005932,0.002978,0.002046,0.000624,0.000054
167,0.006892,0.003086,0.002130,0.000701,0.000058
168,0.006684,0.002935,0.001974,0.001273,0.000061
169,0.006652,0.002965,0.001931,0.000641,0.000053
170,0.006907,0.004094,0.002528,0.000949,0.000054
171,0.007196,0.003038,0.002016,0.000590,0.000067
172,0.006374,0.003069,0.001983,0.000644,0.000054
173,0.005955,0.002913,0.002088,0.000552,0.000050
174,0.006297,0.002968,0.001902,0.000570,0.000051
175,0.006632,0.002905,0.001851,0.000899,0.000052
176,0.006607,0.002936,0.001854,0.000595,0.000051
177,0.006375,0.003235,0.002076,0.000662,0.000126
178,0.007545,0.003285,0.002070,0.000615,0.000058
179,0.007797,0.003040,0.001904,0.000981,0.000060
180,0.007182,0.003938,0.002098,0.000716,0.000059
181,0.007811,0.003379,0.002107,0.000609,0.000059
182,0.007431,0.004210,0.002183,0.000625,0.000060
183,0.010240,0.004649,0.002455,0.000772,0.000063
184,0.008378,0.003838,0.002376,0.001352,0.000066
185,0.008058,0.003881,0.002431,0.000811,0.000064
186,0.007784,0.004978,0.002397,0.000813,0.000065
187,0.008035,0.003595,0.002246,0.000813,0.000060
188,0.007758,0.003649,0.002216,0.000718,0.000060
189,0.007947,0.003890,0.002225,0.000675,0.000062
190,0.008295,0.004009,0.002276,0.000766,0.000072
191,0.007776,0.003760,0.002244,0.000702,0.000062
192,0.010034,0.003947,0.002317,0.000718,0.000065
193,0.009362,0.004203,0.002550,0.000732,0.000097
194,0.010023,0.004050,0.002309,0.000728,0.000066
195,0.008408,0.004678,0.002336,0.000758,0.000063
196,0.009301,0.003947,0.003092,0.000798,0.000064
197,0.008729,0.003970,0.002353,0.000694,0.000063
198,0.008913,0.004047,0.002351,0.000729,0.000103
199,0.008204,0.003873,0.003007,0.000727,0.000064
200,0.009156,0.004090,0.002362,0.000881,0.000089
201,0.009023,0.004136,0.002375,0.000796,0.000066
202,0.009634,0.004198,0.002453,0.000722,0.000065
203,0.008937,0.004526,0.003037,0.000758,0.000065
204,0.008892,0.003897,0.002232,0.000688,0.000060
205,0.016412,0.007830,0.002727,0.000836,0.000087
206,0.010723,0.004766,0.002731,0.000860,0.000088
207,0.009811,0.004373,0.002464,0.000747,0.000067
208,0.010855,0.004654,0.002480,0.000872,0.000067
209,0.010271,0.004456,0.002477,0.000795,0.000076
210,0.009147,0.004768,0.002302,0.000690,0.000062
211,0.010096,0.004538,0.003279,0.000760,0.000069
212,0.009541,0.004401,0.002328,0.000717,0.000067
213,0.009196,0.005378,0.002562,0.000848,0.000069
214,0.010378,0.005192,0.002584,0.000819,0.000069
215,0.007790,0.003466,0.001903,0.001521,0.000071
216,0.011621,0.003483,0.001933,0.000654,0.000053
217,0.009836,0.005478,0.002426,0.000822,0.000063
218,0.009822,0.004427,0.002944,0.000806,0.000066
219,0.010952,0.004869,0.002903,0.000912,0.000072
220,0.011007,0.004907,0.003434,0.000839,0.000071
221,0.010954,0.004957,0.003464,0.000812,0.000071
222,0.010815,0.005244,0.002475,0.000718,0.000067
223,0.010904,0.004735,0.003040,0.000701,0.000067
224,0.011751,0.004664,0.003085,0.000871,0.000069
225,0.011308,0.004911,0.002979,0.000857,0.000068
226,0.012747,0.006467,0.003037,0.001041,0.000081
227,0.012892,0.005795,0.003857,0.000795,0.000085
228,0.011686,0.006077,0.002745,0.000888,0.000088
229,0.011857,0.005348,0.002819,0.000956,0.000075
230,0.012092,0.005364,0.002660,0.000760,0.000069
231,0.010765,0.005474,0.002601,0.000780,0.000070
232,0.011241,0.005443,0.002869,0.000872,0.000080
233,0.012039,0.005867,0.002621,0.000819,0.000101
234,0.012479,0.005541,0.002883,0.000874,0.000081
235,0.012396,0.006000,0.004623,0.000903,0.000087
236,0.012203,0.006442,0.002922,0.000904,0.000078
237,0.012796,0.005684,0.002905,0.000879,0.000090
238,0.012869,0.005712,0.002913,0.000905,0.000079
239,0.013325,0.005766,0.002931,0.001601,0.000086
240,0.013107,0.005820,0.002941,0.000911,0.000080
241,0.013130,0.005893,0.002970,0.000875,0.000078
242,0.013432,0.005912,0.002851,0.000913,0.000072
243,0.011505,0.006134,0.003079,0.000924,0.000090
244,0.013832,0.005993,0.002994,0.000880,0.000073
245,0.016992,0.007289,0.002809,0.000892,0.000072
246,0.012330,0.005795,0.003070,0.000949,0.000119
247,0.015248,0.006348,0.003046,0.000955,0.000081
248,0.013837,0.006187,0.003135,0.001543,0.000095
249,0.012455,0.005718,0.002826,0.001317,0.000077
250,0.013007,0.005813,0.002847,0.000864,0.000075
251,0.012742,0.005860,0.002849,0.000907,0.000075
252,0.012260,0.006634,0.002897,0.000912,0.000110
253,0.012716,0.006551,0.002920,0.000903,0.000090
254,0.012938,0.006667,0.002878,0.000894,0.000077
255,0.013228,0.006498,0.002941,0.000923,0.000098
256,0.014212,0.006657,0.002950,0.000891,0.000094
257,0.015246,0.007561,0.003382,0.000991,0.000085
258,0.015654,0.006718,0.003231,0.001093,0.000155
259,0.015194,0.006849,0.003921,0.001129,0.000092
260,0.013753,0.006798,0.002990,0.000975,0.000078
261,0.014912,0.007625,0.003010,0.000894,0.000092
262,0.014495,0.006982,0.003051,0.000892,0.000080
263,0.014556,0.006983,0.003036,0.000974,0.000081
264,0.015869,0.007364,0.003319,0.001111,0.000089
265,0.014120,0.005360,0.002457,0.000780,0.000066
266,0.011402,0.005823,0.002534,0.000829,0.000066
267,0.015251,0.007243,0.004146,0.001148,0.000093
268,0.016573,0.007765,0.003394,0.001036,0.000095
269,0.015394,0.007391,0.003164,0.001027,0.000084
270,0.015053,0.006999,0.003128,0.000984,0.000084
271,0.015273,0.007444,0.003185,0.000920,0.000096
272,0.015915,0.007327,0.003160,0.001144,0.000085
273,0.017068,0.008210,0.003620,0.001171,0.000093
274,0.017091,0.007727,0.002653,0.000783,0.000071
275,0.012461,0.006139,0.002636,0.000771,0.000068
276,0.012643,0.005735,0.003328,0.000781,0.000068
277,0.017332,0.008658,0.003536,0.001074,0.000094
278,0.017670,0.007872,0.003237,0.001798,0.000096
279,0.017968,0.008288,0.003317,0.001001,0.000090
280,0.017363,0.007648,0.003290,0.001163,0.000087
281,0.016395,0.008143,0.003331,0.001107,0.000089
282,0.016336,0.007985,0.003302,0.001004,0.000087
283,0.016828,0.007564,0.003320,0.001087,0.000672
284,0.013375,0.006109,0.002681,0.001247,0.000071
285,0.013436,0.006168,0.002742,0.000868,0.000072
286,0.014670,0.008024,0.004011,0.001116,0.000097
287,0.018595,0.008079,0.003382,0.001080,0.000774
288,0.022751,0.009481,0.003676,0.001155,0.000109
289,0.019082,0.009364,0.003946,0.001175,0.000098
290,0.018838,0.007998,0.003435,0.002070,0.000092
291,0.017278,0.008669,0.003449,0.001198,0.000090
292,0.017675,0.008213,0.003450,0.001216,0.000089
293,0.009793,0.005260,0.002303,0.000830,0.000065
294,0.014962,0.006626,0.003351,0.000879,0.000075
295,0.014431,0.006636,0.002792,0.000831,0.000072
296,0.019819,0.009076,0.004572,0.001157,0.000094
297,0.019485,0.009167,0.003779,0.001347,0.000107
298,0.023191,0.009696,0.003903,0.001230,0.000101
299,0.018888,0.009171,0.004066,0.001175,0.000105
300,0.020000,0.008751,0.003619,0.001045,0.000093
301,0.018058,0.009575,0.004501,0.002208,0.000101
302,0.018890,0.008729,0.004582,0.001287,0.000095
303,0.019221,0.008803,0.003614,0.001100,0.000589
304,0.019549,0.009311,0.003623,0.001072,0.000095
305,0.019079,0.009566,0.003687,0.001073,0.000095
306,0.021072,0.009779,0.004939,0.001329,0.000109
307,0.021539,0.009732,0.004496,0.001282,0.000104
308,0.020519,0.009116,0.003668,0.002031,0.000098
309,0.020062,0.009736,0.003685,0.001140,0.000097
310,0.009635,0.004610,0.002414,0.000777,0.000058
311,0.016600,0.007431,0.003051,0.001363,0.000087
312,0.020309,0.009859,0.003733,0.001168,0.000097
313,0.021136,0.009891,0.003780,0.001173,0.000097
314,0.019916,0.010546,0.003947,0.001194,0.000107
315,0.020342,0.010249,0.003815,0.001166,0.000098
316,0.020396,0.010263,0.003797,0.001158,0.000099
317,0.020446,0.009958,0.003834,0.001275,0.000098
318,0.032617,0.011872,0.005423,0.001494,0.000124
319,0.024291,0.011100,0.003827,0.001146,0.000100
320,0.021276,0.010498,0.003898,0.001194,0.000101
321,0.021375,0.010696,0.003856,0.001264,0.000101
322,0.023357,0.010910,0.003867,0.001221,0.000112
323,0.022125,0.010733,0.003908,0.001156,0.000107
324,0.022651,0.010693,0.003911,0.001283,0.000102
325,0.022086,0.010928,0.003994,0.001266,0.000102
326,0.010516,0.005244,0.001982,0.000661,0.000052
327,0.021085,0.009142,0.003173,0.000972,0.000087
328,0.018000,0.009353,0.003966,0.001359,0.000136
329,0.027470,0.010489,0.004699,0.001345,0.000103
330,0.023238,0.011160,0.004005,0.001251,0.000104
331,0.023480,0.011193,0.004053,0.001443,0.000145
332,0.022315,0.011469,0.004106,0.001244,0.000105
333,0.024345,0.010767,0.004046,0.001856,0.000105
334,0.025957,0.010809,0.005247,0.001303,0.000126
335,0.024506,0.011341,0.004112,0.001270,0.000106
336,0.024878,0.011456,0.004063,0.001370,0.000112
337,0.025369,0.011554,0.004132,0.001288,0.000104
338,0.024304,0.011504,0.004280,0.001458,0.000107
339,0.024055,0.011178,0.004477,0.001274,0.000107
340,0.024873,0.011736,0.004161,0.001313,0.000120
341,0.034913,0.014294,0.005071,0.001655,0.000135
342,0.028347,0.012446,0.004192,0.001260,0.000112
343,0.024444,0.011256,0.003920,0.001303,0.000099
344,0.022420,0.011397,0.003890,0.001290,0.000101
345,0.023167,0.011440,0.003896,0.001160,0.000101
346,0.022875,0.011515,0.003923,0.001268,0.000101
347,0.023633,0.008550,0.003332,0.000813,0.000063
348,0.021645,0.009316,0.002708,0.000878,0.000069
349,0.020840,0.009491,0.004588,0.001505,0.000121
350,0.027893,0.013747,0.004744,0.001387,0.000127
351,0.027658,0.012693,0.004301,0.001381,0.000111
352,0.025836,0.012279,0.004305,0.001476,0.000118
353,0.028927,0.014030,0.004722,0.001492,0.000119
354,0.028569,0.012273,0.005486,0.001491,0.000112
355,0.026473,0.010346,0.003589,0.001155,0.000089
356,0.021460,0.010312,0.004597,0.001559,0.000119
357,0.027100,0.013290,0.004410,0.001360,0.000115
358,0.028383,0.013362,0.004417,0.001454,0.000117
359,0.027936,0.012640,0.005017,0.001496,0.000118
360,0.027523,0.013610,0.004567,0.001494,0.000119
361,0.030504,0.014655,0.004776,0.001343,0.000119
362,0.022324,0.010319,0.003613,0.001141,0.000095
363,0.022047,0.010909,0.003595,0.001085,0.000099
364,0.029977,0.014600,0.005161,0.001449,0.000131
365,0.029173,0.013118,0.005060,0.001551,0.000120
366,0.030168,0.013538,0.005274,0.001503,0.000153
367,0.031118,0.013222,0.006734,0.001488,0.000121
368,0.028540,0.017970,0.005565,0.002230,0.000098
369,0.028081,0.014393,0.004957,0.001746,0.000626
370,0.030916,0.013922,0.004588,0.002232,0.000122
371,0.029355,0.014078,0.004592,0.001574,0.000131
372,0.030145,0.014350,0.004698,0.001489,0.000127
373,0.031013,0.014010,0.004625,0.001699,0.000124
374,0.030642,0.014646,0.004638,0.001432,0.000123
375,0.029719,0.014454,0.004669,0.001570,0.000123
376,0.030604,0.014334,0.004717,0.001463,0.000125
377,0.029813,0.014484,0.004691,0.001478,0.000172
378,0.032240,0.014608,0.004691,0.001428,0.000150
379,0.032852,0.014503,0.004726,0.001577,0.000126
380,0.030656,0.014766,0.004787,0.001417,0.000130
381,0.017716,0.008175,0.003744,0.001269,0.000104
382,0.034012,0.014648,0.005332,0.001640,0.000131
383,0.030975,0.014448,0.004399,0.001976,0.000113
384,0.030973,0.015239,0.004778,0.001420,0.000157
385,0.033725,0.015204,0.004812,0.002543,0.000139
386,0.036825,0.016120,0.005825,0.001639,0.000140
387,0.035369,0.015421,0.005202,0.001656,0.000130
388,0.034207,0.015547,0.004910,0.001565,0.000129
389,0.032961,0.015947,0.005320,0.001566,0.000127
390,0.034031,0.015570,0.004879,0.001551,0.000131
391,0.021198,0.010070,0.003341,0.000992,0.000113
392,0.026537,0.012102,0.004503,0.001268,0.000108
393,0.030599,0.013664,0.004958,0.002320,0.000129
394,0.033860,0.015801,0.004968,0.001625,0.000134
395,0.033606,0.016069,0.004989,0.001580,0.000168
396,0.032356,0.015471,0.005484,0.001786,0.000141
397,0.033852,0.012919,0.004045,0.001358,0.000103
398,0.033344,0.016701,0.004979,0.001594,0.000161
399,0.035412,0.017614,0.005006,0.001533,0.000132
400,0.036099,0.016394,0.006080,0.001533,0.000134
401,0.034927,0.016538,0.005032,0.001556,0.000276
402,0.035179,0.016843,0.005585,0.001584,0.000137
403,0.034358,0.015241,0.003786,0.000962,0.000079
404,0.027563,0.013164,0.004068,0.001326,0.000105
405,0.028701,0.013917,0.004075,0.001289,0.000105
406,0.034900,0.016825,0.005159,0.002221,0.000136
407,0.036455,0.015781,0.004121,0.001354,0.000105
408,0.028204,0.013152,0.005108,0.001399,0.000108
409,0.028824,0.013909,0.004278,0.001363,0.000112
410,0.030255,0.017426,0.005383,0.001789,0.000135
411,0.039078,0.017504,0.005188,0.001667,0.000170
412,0.035303,0.017698,0.005713,0.001643,0.000137
413,0.047987,0.020564,0.005817,0.002078,0.000148
414,0.040457,0.017931,0.005736,0.001769,0.000137
415,0.038592,0.021458,0.005792,0.001773,0.000140
416,0.038356,0.015944,0.004220,0.001337,0.000107
417,0.029749,0.014166,0.004365,0.001333,0.000111
418,0.041368,0.018761,0.005180,0.002591,0.000112
419,0.030322,0.014571,0.004347,0.001379,0.000112
420,0.031373,0.014638,0.004394,0.001430,0.000109
421,0.032351,0.014865,0.005556,0.001853,0.000163
422,0.041557,0.018602,0.005527,0.002132,0.000138
423,0.039278,0.018622,0.005462,0.001750,0.000143
424,0.049587,0.019369,0.006019,0.001716,0.000140
425,0.038792,0.018967,0.006672,0.001720,0.000149
426,0.038944,0.019312,0.005864,0.001693,0.000148
427,0.041238,0.018850,0.006338,0.002060,0.000138
428,0.039913,0.020477,0.005620,0.001705,0.000143
429,0.025267,0.009168,0.002782,0.000891,0.000072
430,0.032647,0.015335,0.004431,0.001356,0.000114
431,0.033200,0.015702,0.004402,0.001446,0.000126
432,0.045402,0.021773,0.007551,0.001853,0.000153
433,0.046373,0.022113,0.006363,0.002470,0.000155
434,0.044381,0.010081,0.003118,0.000990,0.000092
435,0.033607,0.015906,0.004512,0.001563,0.000121
436,0.047083,0.021188,0.006340,0.001965,0.000162
437,0.040730,0.020497,0.006158,0.002198,0.000143
438,0.042117,0.022456,0.006146,0.001868,0.000162
439,0.052501,0.023401,0.006204,0.002258,0.000155
440,0.046696,0.024055,0.006196,0.001833,0.000159
441,0.045177,0.022376,0.006192,0.001903,0.000168
442,0.046411,0.023999,0.006304,0.002084,0.000160
443,0.045719,0.020206,0.006560,0.001876,0.000166
444,0.048157,0.021060,0.007066,0.001964,0.000160
445,0.049422,0.020444,0.006137,0.001750,0.000148
446,0.044138,0.021470,0.005753,0.001814,0.000152
447,0.043824,0.020008,0.006277,0.001884,0.000150
448,0.043455,0.017095,0.004821,0.001739,0.000125
449,0.035463,0.021824,0.006111,0.001836,0.000161
450,0.043069,0.021171,0.005869,0.001874,0.000185
451,0.044309,0.020824,0.006222,0.001855,0.000154
452,0.042065,0.019375,0.005575,0.001804,0.000140
453,0.051137,0.022816,0.007282,0.002043,0.000167
454,0.046993,0.022485,0.005866,0.002269,0.000156
455,0.044802,0.021099,0.006681,0.001811,0.000171
456,0.044963,0.021581,0.005886,0.002567,0.000154
457,0.044880,0.022112,0.006076,0.001929,0.000163
458,0.036516,0.017240,0.004738,0.001861,0.000127
459,0.045735,0.021543,0.006077,0.002102,0.000172
460,0.046050,0.022660,0.006008,0.001772,0.000154
461,0.046648,0.021691,0.006395,0.001992,0.000154
462,0.045886,0.020552,0.004873,0.001547,0.000133
463,0.037561,0.017586,0.005403,0.001528,0.000127
464,0.048968,0.022115,0.006023,0.005785,0.000435
465,0.041846,0.021973,0.005729,0.002819,0.000155
466,0.051935,0.022431,0.006050,0.002070,0.000153
467,0.050475,0.023439,0.006134,0.001956,0.000162
468,0.056801,0.022826,0.006680,0.001901,0.000197
469,0.048422,0.021461,0.005649,0.002016,0.000146
470,0.045167,0.021177,0.006164,0.001911,0.000155
471,0.043738,0.023121,0.005704,0.001776,0.000125
472,0.038839,0.018228,0.005433,0.001743,0.000127
473,0.061129,0.026572,0.006751,0.002303,0.000171
474,0.050986,0.023033,0.006019,0.001876,0.000466
475,0.046071,0.020721,0.004996,0.001533,0.000115
476,0.034627,0.011951,0.003770,0.001149,0.000770
477,0.029566,0.018178,0.005000,0.001560,0.000130
478,0.039304,0.018923,0.006222,0.002074,0.000164
479,0.055038,0.023888,0.006266,0.002050,0.000159
480,0.049795,0.024866,0.006469,0.002102,0.000161
481,0.052014,0.023987,0.006374,0.001879,0.000163
482,0.051515,0.019773,0.005060,0.001525,0.000132
483,0.049616,0.023914,0.006337,0.002169,0.000163
484,0.050259,0.024024,0.006360,0.003341,0.000169
485,0.051896,0.024196,0.007757,0.002257,0.000166
486,0.056858,0.024440,0.006360,0.002461,0.000163
487,0.054331,0.024567,0.006959,0.002156,0.000166
488,0.052256,0.024735,0.006654,0.002086,0.000162
489,0.051696,0.035344,0.008604,0.002550,0.000199
490,0.053971,0.024743,0.006040,0.001911,0.000244
491,0.053529,0.025154,0.006589,0.002136,0.000163
492,0.053275,0.024728,0.006564,0.002519,0.000164
493,0.054493,0.028167,0.006587,0.002097,0.000175
494,0.059292,0.025673,0.006506,0.002099,0.000163
495,0.055453,0.024976,0.006511,0.002467,0.000167
496,0.054683,0.025860,0.006512,0.002228,0.000167
497,0.054100,0.021096,0.005291,0.001733,0.000139
498,0.058529,0.028012,0.007306,0.002385,0.000187
499,0.061116,0.035864,0.008262,0.002612,0.000201
500,0.064288,0.024554,0.007087,0.001899,0.000137
501,0.059413,0.021201,0.006554,0.001618,0.000135
502,0.046358,0.022358,0.006299,0.001553,0.000138
503,0.055829,0.027065,0.007171,0.002495,0.000172
504,0.058220,0.026094,0.007074,0.002378,0.000171
505,0.071790,0.032200,0.010180,0.002730,0.000213
506,0.073415,0.032266,0.008246,0.002731,0.000203
507,0.037431,0.017239,0.003733,0.001372,0.000087
508,0.037031,0.018067,0.005417,0.001606,0.000139
509,0.041551,0.014195,0.003143,0.000989,0.000079
510,0.041833,0.023491,0.007871,0.002403,0.000189
511,0.064117,0.032153,0.007677,0.002509,0.000203
512,0.065587,0.032592,0.007748,0.002400,0.000204
513,0.055860,0.017297,0.004786,0.001732,0.000148
514,0.053776,0.018090,0.004638,0.001460,0.000122
515,0.063738,0.022980,0.005594,0.001830,0.000142
516,0.045227,0.031891,0.008025,0.002283,0.000203
517,0.074133,0.036511,0.008525,0.003189,0.000211
518,0.065728,0.037943,0.007652,0.002422,0.000191
519,0.066569,0.029968,0.007578,0.003113,0.000192
520,0.062743,0.033078,0.011095,0.002361,0.000197
521,0.041661,0.029844,0.003931,0.000988,0.000086
522,0.030331,0.014053,0.003524,0.001174,0.000092
523,0.031345,0.014297,0.003530,0.001107,0.000436
524,0.032409,0.019691,0.004956,0.001347,0.000137
525,0.063178,0.029401,0.007561,0.002219,0.000180
526,0.061276,0.028810,0.007038,0.003068,0.000187
527,0.069225,0.033187,0.008883,0.002499,0.000201
528,0.069527,0.033507,0.009181,0.002502,0.000198
529,0.071093,0.024464,0.006983,0.001855,0.000151
530,0.049882,0.023849,0.006230,0.001727,0.000152
531,0.054573,0.024579,0.006377,0.001991,0.000147
532,0.051572,0.023683,0.005726,0.002965,0.000220
533,0.053560,0.017155,0.004573,0.001434,0.000106
534,0.059600,0.030964,0.007977,0.002474,0.000187
535,0.062630,0.029998,0.007185,0.002257,0.000194
536,0.074362,0.032319,0.008221,0.002553,0.000200
537,0.075590,0.032970,0.007908,0.002600,0.000200
538,0.068184,0.033247,0.008096,0.003062,0.000232
539,0.067896,0.030419,0.007581,0.002330,0.000185
540,0.076765,0.041474,0.008894,0.002548,0.000206
541,0.068690,0.029949,0.008965,0.002325,0.000184
542,0.066529,0.031593,0.007960,0.002977,0.000211
543,0.071674,0.035650,0.010544,0.002842,0.000225
544,0.068327,0.031957,0.008027,0.002401,0.000188
545,0.067172,0.025823,0.006658,0.001942,0.000163
546,0.067600,0.031121,0.008055,0.002252,0.000185
547,0.078830,0.033923,0.008826,0.002551,0.000187
548,0.075077,0.034595,0.008268,0.003149,0.000212
549,0.073555,0.034899,0.008175,0.002569,0.000207
550,0.072336,0.031412,0.008028,0.002407,0.000192
551,0.069960,0.034292,0.008961,0.002747,0.000215
552,0.070026,0.031272,0.008517,0.002418,0.000190
553,0.071844,0.033562,0.008044,0.002454,0.000191
554,0.065587,0.031669,0.007974,0.002407,0.000210
555,0.069137,0.032971,0.007898,0.002794,0.000196
556,0.071022,0.032623,0.005539,0.001561,0.000120
557,0.061951,0.032275,0.007590,0.002363,0.000193
558,0.070684,0.033531,0.007706,0.002391,0.000193
559,0.069738,0.030255,0.008038,0.002468,0.000179
560,0.080170,0.020939,0.003836,0.001494,0.000098
561,0.056350,0.025883,0.006650,0.002635,0.000192
562,0.075795,0.032715,0.008262,0.002470,0.000194
563,0.075705,0.034081,0.008333,0.002574,0.000200
564,0.070810,0.034092,0.009068,0.002491,0.000201
565,0.072670,0.033032,0.007851,0.002608,0.000195
566,0.069351,0.031724,0.007177,0.002418,0.000181
567,0.050717,0.027151,0.008232,0.002368,0.000194
568,0.072552,0.024220,0.006325,0.002481,0.000160
569,0.074123,0.035043,0.007885,0.002832,0.000205
570,0.072762,0.030913,0.006449,0.001953,0.000159
571,0.057545,0.027103,0.006364,0.001869,0.000162
572,0.070673,0.032069,0.007740,0.002303,0.000185
573,0.077396,0.033524,0.007878,0.002098,0.000183
574,0.074615,0.035603,0.009037,0.002515,0.000198
575,0.073643,0.034199,0.007920,0.002409,0.000464
576,0.073282,0.036465,0.008795,0.002533,0.000207
577,0.077211,0.032613,0.007358,0.002486,0.000183
578,0.070221,0.032157,0.007945,0.002498,0.000200
579,0.074007,0.037533,0.009006,0.002767,0.000216
580,0.093069,0.038738,0.008358,0.002633,0.000199
581,0.075460,0.027048,0.006444,0.002035,0.000160
582,0.069585,0.032528,0.007789,0.002240,0.000189
583,0.074875,0.028341,0.007020,0.002114,0.000162
584,0.072952,0.035724,0.008359,0.002472,0.000202
585,0.076965,0.036467,0.008349,0.002435,0.000202
586,0.088257,0.037558,0.008241,0.002637,0.000204
587,0.078092,0.036272,0.008126,0.002389,0.000204
588,0.072688,0.032897,0.007536,0.002386,0.000187
589,0.078959,0.036080,0.007833,0.002090,0.000166
590,0.067305,0.035766,0.008706,0.002537,0.000208
591,0.080117,0.034628,0.008188,0.003682,0.000206
592,0.079666,0.036687,0.008233,0.002992,0.000210
593,0.037953,0.018402,0.004559,0.001640,0.000133
594,0.057267,0.029298,0.006603,0.002116,0.000164
595,0.061962,0.036690,0.008914,0.002737,0.000213
596,0.081077,0.036094,0.007899,0.002117,0.000165
597,0.064256,0.029752,0.009376,0.002669,0.000209
598,0.080839,0.037147,0.008329,0.002592,0.000207
599,0.081770,0.037128,0.009007,0.002624,0.000210
600,0.081170,0.037594,0.008451,0.002528,0.000217
601,0.084480,0.038263,0.008939,0.002502,0.000213
602,0.079888,0.038135,0.011265,0.002896,0.000228
603,0.082319,0.038319,0.008503,0.002953,0.000212
604,0.083018,0.038256,0.009148,0.002644,0.000210
605,0.083020,0.026589,0.004439,0.001411,0.000225
606,0.084191,0.037835,0.009607,0.003390,0.000230
607,0.082771,0.039824,0.009176,0.002819,0.000215
608,0.082065,0.037565,0.008212,0.002371,0.000170
609,0.067491,0.035549,0.008542,0.002828,0.000211
610,0.084854,0.035377,0.008378,0.002439,0.000195
611,0.086524,0.041149,0.010653,0.002724,0.000213
612,0.086725,0.038899,0.008776,0.002673,0.000214
613,0.085216,0.037518,0.007977,0.002537,0.000204
614,0.085981,0.024329,0.004533,0.001338,0.000104
615,0.079571,0.036624,0.008023,0.002546,0.000197
616,0.086437,0.047179,0.009633,0.002768,0.000214
617,0.084816,0.042158,0.009714,0.002673,0.000216
618,0.068978,0.039149,0.009013,0.002589,0.000215
619,0.088601,0.038400,0.008696,0.002444,0.000198
620,0.086415,0.033105,0.007574,0.002201,0.000172
621,0.085487,0.039703,0.009265,0.003247,0.000216
622,0.085590,0.045502,0.009356,0.003028,0.000217
623,0.084252,0.033471,0.008851,0.003201,0.000229
624,0.084525,0.038712,0.009171,0.002421,0.000204
625,0.088038,0.040681,0.009203,0.002631,0.000224
626,0.059125,0.031317,0.006308,0.002461,0.000161
627,0.080059,0.042207,0.008806,0.002784,0.000203
628,0.086899,0.040293,0.012027,0.002438,0.000202
629,0.098386,0.042809,0.009965,0.002718,0.000223
630,0.084056,0.038518,0.008183,0.002813,0.000201
631,0.087521,0.039270,0.009437,0.002850,0.000220
632,0.058188,0.029168,0.007504,0.002269,0.000175
633,0.092204,0.042015,0.009436,0.002928,0.000222
634,0.091176,0.043967,0.008316,0.002846,0.000310
635,0.096940,0.039495,0.009484,0.002843,0.000225
636,0.095587,0.042013,0.009469,0.002792,0.000226
637,0.091041,0.042623,0.007257,0.002221,0.000192
638,0.074427,0.017895,0.003898,0.001328,0.000131
639,0.072416,0.036593,0.009030,0.002496,0.000206
640,0.093026,0.043040,0.012131,0.002157,0.000111
641,0.077972,0.034794,0.008018,0.002122,0.000180
642,0.097367,0.043798,0.009101,0.004149,0.000236
643,0.090821,0.044126,0.009917,0.002857,0.000228
644,0.093045,0.043699,0.009242,0.002932,0.000229
645,0.094107,0.043530,0.009684,0.002820,0.000224
646,0.103810,0.045036,0.009592,0.003051,0.000227
647,0.099861,0.042366,0.009166,0.002579,0.000213
648,0.089562,0.041420,0.009286,0.002832,0.000225
649,0.096018,0.043864,0.009085,0.002810,0.000243
650,0.089272,0.048787,0.009625,0.002690,0.000209
651,0.104930,0.047050,0.009354,0.003746,0.000235
652,0.112390,0.044278,0.009393,0.003005,0.000229
653,0.097117,0.040865,0.008797,0.002653,0.000213
654,0.094742,0.043897,0.010035,0.002892,0.000232
655,0.100248,0.045060,0.009394,0.002827,0.000240
656,0.101032,0.045578,0.009645,0.002949,0.000238
657,0.097480,0.044241,0.010013,0.003041,0.000230
658,0.097994,0.042874,0.009866,0.003029,0.000232
659,0.107347,0.043311,0.009277,0.002615,0.000212
660,0.100666,0.044797,0.009275,0.002971,0.000233
661,0.099421,0.040161,0.008056,0.002375,0.000188
662,0.105479,0.046468,0.009618,0.003620,0.000239
663,0.103805,0.044054,0.010241,0.003345,0.000238
664,0.108283,0.043382,0.008721,0.002586,0.000217
665,0.106427,0.035117,0.008016,0.002331,0.000187
666,0.069311,0.019154,0.003836,0.001374,0.000117
667,0.050823,0.020391,0.004183,0.001265,0.000103
668,0.042326,0.018609,0.003867,0.001155,0.000098
669,0.059360,0.030652,0.006399,0.002101,0.000158
670,0.082690,0.040564,0.008966,0.003686,0.000229
671,0.118168,0.044461,0.008851,0.003360,0.000222
672,0.112173,0.047130,0.009632,0.003077,0.000237
673,0.104951,0.057881,0.010609,0.003148,0.000546
674,0.100451,0.043852,0.009877,0.003041,0.000225
675,0.105312,0.047164,0.010726,0.003121,0.000251
676,0.067168,0.043361,0.009812,0.003098,0.000237
677,0.104720,0.047113,0.008982,0.003555,0.000226
678,0.099798,0.033126,0.004779,0.001606,0.000119
679,0.052302,0.029051,0.006618,0.001905,0.000161
680,0.083971,0.038522,0.007848,0.002476,0.000191
681,0.083483,0.039057,0.007953,0.002408,0.000192
682,0.104981,0.045016,0.009376,0.002993,0.000223
683,0.101769,0.048943,0.010103,0.003136,0.000245
684,0.097433,0.051403,0.011270,0.003155,0.000265
685,0.109062,0.049518,0.010178,0.003018,0.000240
686,0.105129,0.045315,0.009249,0.003879,0.000231
687,0.070932,0.038956,0.007937,0.002728,0.000194
688,0.120773,0.053144,0.011416,0.003265,0.000267
689,0.114458,0.050793,0.010034,0.003872,0.000269
690,0.115106,0.050360,0.010249,0.003251,0.000242
691,0.108952,0.050321,0.016886,0.005936,0.000294
692,0.108300,0.051113,0.010595,0.002937,0.000245
693,0.109533,0.050073,0.010871,0.003101,0.000244
694,0.102130,0.040094,0.008120,0.002421,0.000196
695,0.111390,0.050304,0.011083,0.002930,0.000248
696,0.106486,0.050789,0.011423,0.003723,0.000267
697,0.119952,0.049667,0.010273,0.003088,0.000248
698,0.117377,0.050908,0.008137,0.002498,0.000198
699,0.088646,0.040409,0.010276,0.003233,0.000249
700,0.108357,0.046561,0.009436,0.003375,0.000236
701,0.119351,0.053003,0.011830,0.003014,0.000247
702,0.140868,0.041056,0.008404,0.002457,0.000201
703,0.117820,0.051869,0.012783,0.003289,0.000251
704,0.120666,0.052466,0.010300,0.003407,0.000251
705,0.114388,0.052204,0.010649,0.003388,0.000250
706,0.125507,0.060507,0.010731,0.003322,0.000269
707,0.117157,0.050936,0.011082,0.003033,0.000232
708,0.113719,0.027605,0.004663,0.001562,0.000141
709,0.092906,0.047748,0.010649,0.003027,0.000236
710,0.109431,0.052155,0.010901,0.003618,0.000253
711,0.092167,0.045034,0.010705,0.003742,0.000252
712,0.113828,0.049071,0.010762,0.003181,0.000253
713,0.109483,0.047033,0.005501,0.001922,0.000163
714,0.096735,0.053418,0.011183,0.003118,0.000253
715,0.123797,0.053838,0.012140,0.003578,0.000253
716,0.093401,0.045087,0.009452,0.003049,0.000254
717,0.123597,0.055220,0.010464,0.003955,0.000262
718,0.119742,0.058672,0.011918,0.003158,0.000254
719,0.122047,0.053621,0.010797,0.003598,0.000266
720,0.117842,0.027847,0.006499,0.002293,0.000189
721,0.119780,0.053138,0.011445,0.003364,0.000262
722,0.116308,0.049721,0.010112,0.002984,0.000235
723,0.111055,0.054774,0.011438,0.003287,0.000265
724,0.119354,0.055141,0.010593,0.003684,0.000262
725,0.119389,0.044883,0.010934,0.003235,0.000238
726,0.124591,0.055340,0.010667,0.003267,0.000242
727,0.107254,0.045676,0.011682,0.002977,0.000240
728,0.120725,0.054616,0.011140,0.003271,0.000238
729,0.129014,0.052774,0.011177,0.003481,0.001167
730,0.125715,0.057835,0.020172,0.003153,0.000260
731,0.118845,0.057532,0.011310,0.003188,0.000259
732,0.116591,0.051635,0.010052,0.003439,0.000242
733,0.074381,0.023317,0.005132,0.001800,0.000142
734,0.083634,0.056830,0.010805,0.004170,0.000269
735,0.112675,0.052117,0.010528,0.003024,0.000241
736,0.118639,0.051011,0.008687,0.002622,0.000210
737,0.099193,0.044509,0.010129,0.002668,0.000215
738,0.098587,0.057808,0.011097,0.003325,0.000262
739,0.106243,0.051883,0.011219,0.003715,0.000264
740,0.126221,0.053303,0.010070,0.003443,0.000244
741,0.112563,0.054419,0.011159,0.003184,0.000243
742,0.116197,0.057817,0.011473,0.003271,0.000264
743,0.135076,0.058939,0.012331,0.003359,0.000268
744,0.130161,0.058066,0.012055,0.003385,0.000268
745,0.125527,0.049903,0.011593,0.003228,0.000265
746,0.129996,0.057901,0.011430,0.003336,0.000265
747,0.127850,0.057218,0.010599,0.003502,0.000250
748,0.128618,0.054344,0.010855,0.003353,0.000249
749,0.130941,0.069072,0.013826,0.004053,0.000294
750,0.136137,0.059815,0.011588,0.003810,0.000267
751,0.128156,0.050896,0.009976,0.002921,0.000213
752,0.131352,0.059012,0.011730,0.003341,0.000269
753,0.129470,0.054757,0.011830,0.003374,0.000248
754,0.131576,0.059363,0.011461,0.003897,0.000269
755,0.128877,0.054955,0.010627,0.002981,0.000250
756,0.130588,0.055255,0.011199,0.002976,0.000250
757,0.132889,0.055503,0.011207,0.003761,0.000253
758,0.140892,0.060429,0.011457,0.003810,0.000275
759,0.139533,0.055963,0.011352,0.003044,0.000253
760,0.081719,0.051422,0.011289,0.003170,0.000267
761,0.140377,0.061116,0.012374,0.003508,0.000275
762,0.133562,0.062187,0.012329,0.003635,0.000273
763,0.138532,0.059843,0.010435,0.003078,0.000252
764,0.127909,0.060814,0.011659,0.003418,0.000273
765,0.084499,0.047561,0.011065,0.003213,0.000254
766,0.130953,0.060219,0.011780,0.003705,0.000254
767,0.136936,0.060925,0.011688,0.003717,0.000275
768,0.147180,0.064775,0.012041,0.003635,0.000279
769,0.137258,0.062259,0.011437,0.003324,0.000688
770,0.140229,0.061724,0.011708,0.003641,0.000277
771,0.136196,0.060806,0.011722,0.003478,0.000277
772,0.127739,0.049801,0.010001,0.002848,0.000223
773,0.115819,0.050049,0.009765,0.002991,0.000229
774,0.143091,0.050504,0.011833,0.003586,0.000278
775,0.141998,0.061902,0.012259,0.003489,0.000279
776,0.124532,0.038762,0.011964,0.003906,0.000305
777,0.141246,0.063692,0.012119,0.003596,0.000279
778,0.147764,0.063708,0.012243,0.003956,0.000281
779,0.134464,0.059435,0.010728,0.003536,0.000279
780,0.132214,0.061239,0.011990,0.003585,0.000282
781,0.143570,0.061647,0.013642,0.004096,0.000304
782,0.109823,0.024997,0.004704,0.001426,0.000434
783,0.058870,0.033473,0.009471,0.003410,0.000284
784,0.146584,0.065365,0.012775,0.003587,0.000292
785,0.139666,0.063544,0.012437,0.003654,0.000280
786,0.139805,0.059054,0.009477,0.003468,0.000231
787,0.113245,0.051964,0.009538,0.002949,0.000365
788,0.138454,0.059995,0.010997,0.003403,0.000263
789,0.135044,0.064727,0.012305,0.003396,0.000264
790,0.131984,0.063903,0.013758,0.003543,0.000265
791,0.141527,0.065698,0.012349,0.003524,0.000286
792,0.146990,0.060468,0.009886,0.002897,0.000227
793,0.127432,0.065976,0.011869,0.008791,0.000291
794,0.140121,0.074498,0.012965,0.004729,0.000319
795,0.146033,0.066878,0.012750,0.003577,0.000286
796,0.134660,0.055365,0.012190,0.003459,0.000286
797,0.145605,0.067443,0.012311,0.003681,0.000289
798,0.131754,0.060839,0.012029,0.004381,0.000297
799,0.155229,0.051514,0.009852,0.003090,0.000230
800,0.114541,0.039915,0.008149,0.002485,0.000202
801,0.126360,0.067264,0.012607,0.003701,0.000288
802,0.140374,0.037576,0.008651,0.003128,0.000221
803,0.130622,0.070233,0.012075,0.004765,0.000294
804,0.142081,0.057811,0.013272,0.004355,0.000804
805,0.150342,0.067125,0.012734,0.003841,0.000291
806,0.140181,0.051153,0.010336,0.003246,0.000233
807,0.145299,0.069435,0.014157,0.004013,0.000290
808,0.133970,0.060150,0.012037,0.003450,0.000270
809,0.151919,0.067867,0.011249,0.003886,0.000274
810,0.158105,0.069681,0.013360,0.003770,0.000291
811,0.160202,0.068349,0.012683,0.003780,0.000301
812,0.154757,0.069850,0.012722,0.003831,0.000296
813,0.150861,0.079855,0.014513,0.003943,0.000295
814,0.093052,0.031567,0.005890,0.001826,0.000160
815,0.132298,0.071707,0.014201,0.004180,0.000321
816,0.150227,0.067302,0.013188,0.004168,0.000295
817,0.158778,0.070658,0.012345,0.004312,0.000295
818,0.162161,0.062199,0.010273,0.003039,0.000237
819,0.144155,0.064249,0.013149,0.004117,0.000298
820,0.155850,0.069789,0.012891,0.003471,0.000275
821,0.158076,0.065194,0.011736,0.003900,0.000273
822,0.154316,0.071405,0.012431,0.004297,0.000296
823,0.149115,0.067549,0.012410,0.003983,0.000308
824,0.164385,0.065345,0.012213,0.003568,0.000271
825,0.095493,0.031461,0.007370,0.002238,0.000178
826,0.074640,0.029430,0.005253,0.001551,0.000123
827,0.069127,0.033823,0.008432,0.002627,0.000217
828,0.150171,0.071338,0.013413,0.003642,0.000297
829,0.143571,0.041216,0.010627,0.003122,0.000244
830,0.127707,0.057339,0.011761,0.004244,0.000315
831,0.154471,0.057642,0.010591,0.003226,0.000241
832,0.126974,0.057031,0.010897,0.003075,0.000242
833,0.127151,0.059410,0.010297,0.002983,0.000246
834,0.154587,0.073205,0.013647,0.004415,0.000312
835,0.137810,0.058046,0.011279,0.004011,0.000302
836,0.161964,0.073966,0.012977,0.003851,0.000305
837,0.163529,0.071170,0.014002,0.004519,0.000338
838,0.168142,0.087314,0.013313,0.004191,0.000305
839,0.156052,0.073345,0.013411,0.004097,0.000301
840,0.155807,0.066389,0.013180,0.003857,0.000303
841,0.155618,0.077804,0.012433,0.003772,0.000278
842,0.142568,0.072673,0.013616,0.003986,0.000309
843,0.179156,0.079431,0.022446,0.004245,0.000308
844,0.175049,0.073095,0.011662,0.003195,0.000246
845,0.133032,0.055119,0.010136,0.003036,0.000246
846,0.151330,0.070645,0.012053,0.004114,0.000292
847,0.150571,0.059632,0.010851,0.003234,0.000285
848,0.160694,0.071981,0.011971,0.004047,0.000308
849,0.153709,0.070615,0.012202,0.003628,0.000285
850,0.155692,0.070533,0.012010,0.003694,0.000285
851,0.135601,0.060381,0.010728,0.003290,0.000248
852,0.174384,0.050623,0.010940,0.003617,0.000259
853,0.161410,0.071624,0.012799,0.004567,0.000315
854,0.173126,0.060666,0.011142,0.004810,0.000312
855,0.167031,0.080890,0.013710,0.004318,0.000316
856,0.168033,0.076068,0.013585,0.004230,0.000314
857,0.175686,0.076399,0.013766,0.004561,0.000424
858,0.163633,0.058104,0.013169,0.004191,0.000297
859,0.160707,0.056918,0.011830,0.003275,0.000254
860,0.158161,0.072970,0.013162,0.003114,0.000236
861,0.150566,0.068468,0.010929,0.003352,0.000248
862,0.164357,0.072154,0.012630,0.003816,0.000289
863,0.180648,0.079165,0.013245,0.004435,0.000312
864,0.173253,0.075361,0.006153,0.001896,0.000164
865,0.114917,0.065331,0.010643,0.003515,0.000253
866,0.138636,0.061559,0.008010,0.002238,0.000164
867,0.106613,0.075304,0.012670,0.003479,0.000292
868,0.167449,0.071526,0.012577,0.003814,0.000292
869,0.140959,0.072365,0.012806,0.003844,0.000292
870,0.178937,0.043050,0.009298,0.003012,0.000253
871,0.176923,0.068212,0.014073,0.004021,0.000321
872,0.157806,0.078962,0.013774,0.003794,0.000294
873,0.178755,0.043217,0.005608,0.001640,0.000145
874,0.107748,0.062618,0.011177,0.003293,0.000254
875,0.166867,0.073387,0.013291,0.003787,0.000306
876,0.175674,0.078928,0.014458,0.003958,0.000309
877,0.173921,0.049682,0.007992,0.003027,0.000240
878,0.107219,0.031357,0.006204,0.001798,0.000148
879,0.109389,0.067363,0.014225,0.004052,0.000321
880,0.177884,0.074565,0.013044,0.003813,0.000316
881,0.180080,0.072616,0.015951,0.008816,0.000364
882,0.203504,0.086246,0.015570,0.004683,0.000374
883,0.182506,0.086058,0.016176,0.004879,0.000389
884,0.185723,0.075250,0.015767,0.004662,0.000350
885,0.168395,0.072936,0.014278,0.004403,0.000326
886,0.206362,0.081869,0.014288,0.004219,0.000325
887,0.266727,0.080358,0.012700,0.003941,0.001213
888,0.172821,0.090887,0.017489,0.005290,0.000408
889,0.184185,0.087263,0.014671,0.004335,0.000303
890,0.177387,0.065438,0.011030,0.003416,0.000259
891,0.149996,0.076452,0.013138,0.003936,0.000302
892,0.179988,0.068926,0.006793,0.001969,0.000136
893,0.186573,0.083552,0.020628,0.004349,0.000333
894,0.179719,0.080050,0.013676,0.004140,0.000305
895,0.158612,0.077632,0.013152,0.004579,0.000310
896,0.179952,0.080776,0.012615,0.004613,0.000333
897,0.181088,0.084851,0.013855,0.004125,0.000308
898,0.193019,0.081149,0.014292,0.003648,0.000962
899,0.186875,0.047137,0.006283,0.001898,0.000145
900,0.156713,0.076355,0.014785,0.004269,0.000331
901,0.199526,0.072053,0.014108,0.005054,0.000336
902,0.190108,0.066383,0.011848,0.003443,0.000266
903,0.190498,0.079407,0.013746,0.003955,0.000304
904,0.190903,0.068327,0.011446,0.003448,0.000265
905,0.167753,0.085405,0.012693,0.003188,0.000199
906,0.089096,0.034804,0.007129,0.002367,0.000191
907,0.146149,0.068748,0.014109,0.004224,0.000333
908,0.149172,0.058027,0.011384,0.004050,0.000270
909,0.125729,0.087052,0.016541,0.004433,0.000334
910,0.208774,0.086506,0.015122,0.004507,0.000340
911,0.207914,0.100782,0.015232,0.004497,0.000336
912,0.200741,0.107436,0.014734,0.005138,0.000340
913,0.207744,0.087800,0.015041,0.004648,0.000334
914,0.212295,0.087448,0.014968,0.004382,0.000338
915,0.196065,0.094611,0.015993,0.005329,0.000382
916,0.238271,0.062589,0.007851,0.002209,0.000170
917,0.169107,0.070516,0.012260,0.004132,0.000270
918,0.191154,0.092434,0.007465,0.002099,0.000156
919,0.148531,0.075442,0.015794,0.004286,0.000339
920,0.138882,0.043186,0.009015,0.003035,0.000240
921,0.140877,0.056847,0.015077,0.004487,0.000333
922,0.179469,0.077540,0.012511,0.004409,0.000295
923,0.185827,0.089712,0.015139,0.004024,0.000339
924,0.198899,0.088572,0.015304,0.004855,0.000892
925,0.201357,0.089164,0.014891,0.004789,0.000337
926,0.196905,0.090547,0.014972,0.004918,0.000341
927,0.202022,0.098953,0.015459,0.004334,0.000351
928,0.172217,0.053660,0.011706,0.004445,0.000279
929,0.193843,0.086930,0.014738,0.005287,0.000350
930,0.189724,0.050207,0.007277,0.002508,0.000190
931,0.096020,0.047686,0.014212,0.003952,0.000317
932,0.190332,0.098136,0.012031,0.003666,0.000273
933,0.199256,0.090738,0.015453,0.004406,0.000563
934,0.179330,0.093352,0.013995,0.004704,0.000316
935,0.210417,0.086585,0.011763,0.004568,0.000277
936,0.200241,0.092160,0.014817,0.003674,0.000280
937,0.178697,0.092138,0.015538,0.004396,0.000345
938,0.217742,0.092372,0.015504,0.004476,0.000348
939,0.201003,0.079522,0.011976,0.004330,0.000280
940,0.175454,0.072088,0.012421,0.003650,0.000278
941,0.195447,0.097960,0.016394,0.004769,0.000357
942,0.200475,0.078127,0.013460,0.004624,0.000347
943,0.212040,0.113339,0.017772,0.006855,0.000800
944,0.190004,0.077588,0.007250,0.002797,0.000242
945,0.140709,0.073205,0.012184,0.003341,0.000276
946,0.136955,0.070856,0.015338,0.005421,0.000363
947,0.210482,0.094099,0.015449,0.004452,0.000350
948,0.208014,0.090649,0.015564,0.004806,0.000351
949,0.252623,0.096171,0.012140,0.003903,0.000290
950,0.179801,0.072867,0.014354,0.003800,0.000280
951,0.174326,0.083360,0.015194,0.004908,0.000335
952,0.148561,0.041788,0.006719,0.002253,0.000174
953,0.111529,0.064579,0.013527,0.005692,0.000176
954,0.111012,0.045691,0.007350,0.002167,0.000169
955,0.143724,0.051174,0.007813,0.002571,0.000207
956,0.160408,0.093284,0.015200,0.005023,0.000328
957,0.185438,0.095001,0.016712,0.004812,0.000357
958,0.233601,0.102173,0.015580,0.004243,0.000323
959,0.200451,0.089221,0.026114,0.005599,0.000440
960,0.210114,0.094885,0.014905,0.004730,0.000331
961,0.193666,0.099069,0.015901,0.004481,0.000354
962,0.168237,0.051762,0.012620,0.003999,0.001219
963,0.194920,0.092321,0.014621,0.004824,0.000671
964,0.228253,0.096504,0.016068,0.004477,0.000359
965,0.204794,0.099396,0.016394,0.004455,0.000363
966,0.215687,0.100458,0.016253,0.004129,0.000270
967,0.212862,0.094405,0.014167,0.004649,0.000334
968,0.235675,0.095046,0.016039,0.004668,0.000360
969,0.165780,0.046157,0.007111,0.002248,0.000166
970,0.194194,0.090607,0.015044,0.004323,0.000334
971,0.224939,0.095278,0.016119,0.004659,0.000360
972,0.215566,0.078780,0.014094,0.005006,0.000359
973,0.224754,0.114356,0.015870,0.005212,0.000370
974,0.215199,0.092051,0.015053,0.002367,0.000191
975,0.202956,0.079026,0.014587,0.004669,0.000364
976,0.236814,0.100665,0.017701,0.005020,0.000395
977,0.217592,0.093431,0.015905,0.005121,0.000367
978,0.211117,0.098838,0.014597,0.005274,0.000335
979,0.157903,0.091622,0.012670,0.008197,0.000386
980,0.204698,0.080353,0.013141,0.003829,0.000292
981,0.224049,0.097571,0.014849,0.005286,0.000343
982,0.216805,0.100101,0.016380,0.004545,0.000364
983,0.217100,0.101136,0.016140,0.004670,0.000336
984,0.228897,0.098105,0.016562,0.005011,0.000373
985,0.223422,0.100748,0.015569,0.004485,0.000334
986,0.217018,0.099254,0.017130,0.004855,0.000378
987,0.228597,0.103519,0.018744,0.004978,0.000367
988,0.235515,0.101473,0.014972,0.003947,0.000335
989,0.228669,0.103720,0.016496,0.004652,0.000339
990,0.214494,0.090569,0.016414,0.004850,0.000338
991,0.214929,0.111081,0.016921,0.005025,0.000367
992,0.243725,0.102067,0.016940,0.005341,0.000371
993,0.238588,0.103095,0.017134,0.004676,0.000337
994,0.154167,0.077164,0.016427,0.005868,0.000373
995,0.229323,0.077423,0.007161,0.002176,0.000163
996,0.175097,0.109802,0.016835,0.004732,0.000369
997,0.228653,0.101154,0.016879,0.004798,0.000382
998,0.222208,0.082765,0.013567,0.003983,0.000296
999,0.221802,0.059726,0.006680,0.001972,0.000166
